City_ID,City,Country,Date,Lat,Lng,Max Temp,Humidity,Cloudiness,Wind Speed
0,Busselton,AU,2021-03-05 10:48:53,-33.65,115.3333,72.0,86,19,1.99
1,Mahebourg,MU,2021-03-05 10:48:54,-20.4081,57.7,82.4,74,75,11.5
2,Richards Bay,ZA,2021-03-05 10:46:15,-28.783,32.0377,79.41,72,29,10.45
3,Kamenka,RU,2021-03-05 10:48:56,51.3223,42.7678,35.01,84,100,9.62
4,Hamilton,US,2021-03-05 10:48:56,39.1834,-84.5333,26.6,74,1,5.75
5,Hithadhoo,MV,2021-03-05 10:45:03,-0.6,73.0833,84.69,56,0,4.99
6,Torbay,CA,2021-03-05 10:48:58,47.6666,-52.7314,30.0,93,40,12.66
7,Veverska Bityska,CZ,2021-03-05 10:49:02,49.2759,16.4369,41.0,90,92,10.31
8,Kozhva,RU,2021-03-05 10:49:04,65.1073,57.0459,5.32,91,99,4.25
9,Winneba,GH,2021-03-05 10:48:38,5.3511,-0.6231,87.8,70,40,16.11
10,Umm Lajj,SA,2021-03-05 10:49:19,25.0213,37.2685,80.44,26,0,5.28
11,Samoded,RU,2021-03-05 10:49:30,63.6083,40.5111,10.27,87,99,7.23
12,Ribeira Grande,PT,2021-03-05 10:49:30,38.5167,-28.7,59.0,77,20,11.5
13,Cape Town,ZA,2021-03-05 10:49:36,-33.9258,18.4232,84.0,34,0,5.75
14,Aragarcas,BR,2021-03-05 10:49:50,-15.8975,-52.2508,72.21,94,98,1.3
15,Hermanus,ZA,2021-03-05 10:49:52,-34.4187,19.2345,79.0,51,0,5.01
16,Punta Arenas,CL,2021-03-05 10:49:53,-53.15,-70.9167,53.6,62,0,6.91
17,Tevriz,RU,2021-03-05 10:49:57,57.509,72.4042,24.39,92,100,9.24
18,Vincennes,FR,2021-03-05 10:49:59,48.85,2.4333,41.0,56,90,16.11
19,Port-Gentil,GA,2021-03-05 10:50:04,-0.7193,8.7815,82.4,78,75,8.05
20,Vila Velha,BR,2021-03-05 10:50:06,-20.3297,-40.2925,81.0,69,0,6.91
21,Chapais,CA,2021-03-05 10:50:07,49.7834,-74.8492,-4.0,77,90,6.91
22,Lagoa,PT,2021-03-05 10:50:08,39.05,-27.9833,56.89,69,74,10.6
23,Qaanaaq,GL,2021-03-05 10:50:09,77.484,-69.3632,-23.55,52,0,2.17
24,Belyy Yar,RU,2021-03-05 10:51:57,53.6039,91.3903,28.4,59,0,6.71
25,Dikson,RU,2021-03-05 10:51:59,73.5069,80.5464,-23.46,83,100,14.23
26,Pushkino,RU,2021-03-05 10:51:59,56.0172,37.8667,23.0,86,75,15.66
27,Loralai,PK,2021-03-05 10:52:00,30.3705,68.598,75.36,5,0,5.35
28,Sao Filipe,CV,2021-03-05 10:52:01,14.8961,-24.4956,71.49,72,41,7.23
29,Santa Isabel Do Rio Negro,BR,2021-03-05 10:52:15,-0.4139,-65.0192,71.83,99,100,1.34
30,Ratingen,DE,2021-03-05 10:52:16,51.2972,6.8493,39.99,56,20,11.5
31,San Cristobal,VE,2021-03-05 10:52:22,7.7669,-72.225,64.72,90,68,0.92
32,Kuliyapitiya,LK,2021-03-05 10:47:40,7.4688,80.0401,87.8,66,40,5.75
33,Ponta Do Sol,PT,2021-03-05 10:53:49,32.6667,-17.1,63.0,65,31,4.0
34,East London,ZA,2021-03-05 10:53:51,-33.0153,27.9116,75.2,60,20,16.11
35,Urengoy,RU,2021-03-05 10:53:53,65.9667,78.3667,16.72,94,100,9.46
36,Amqui,CA,2021-03-05 10:53:54,48.4638,-67.4313,10.4,61,90,19.57
37,Prudentopolis,BR,2021-03-05 10:53:54,-25.2131,-50.9778,67.39,97,100,3.87
38,Olinda,BR,2021-03-05 10:53:56,-8.0089,-34.8553,80.6,69,40,12.66
39,Yarada,IN,2021-03-05 10:53:59,17.65,83.2667,93.2,21,0,10.36
40,Kuryk,KZ,2021-03-05 10:54:03,43.2,51.65,46.85,44,41,10.07
41,Dudinka,RU,2021-03-05 10:52:45,69.4058,86.1778,-6.27,90,91,10.22
42,Jijiga,ET,2021-03-05 10:54:06,9.35,42.8,83.01,15,99,15.21
43,Rafaela,AR,2021-03-05 10:54:07,-31.2503,-61.4867,70.0,63,0,5.01
44,Mzimba,MW,2021-03-05 10:54:08,-11.9,33.6,73.22,85,33,7.76
45,Mar Del Plata,AR,2021-03-05 10:54:08,-38.0023,-57.5575,63.0,72,90,9.22
46,Jamestown,US,2021-03-05 10:54:12,42.097,-79.2353,18.0,75,1,11.63
47,Narsaq,GL,2021-03-05 10:54:13,60.9167,-46.05,32.0,93,90,2.3
48,Thinadhoo,MV,2021-03-05 10:54:13,0.5333,72.9333,84.09,63,0,6.8
49,Winder,US,2021-03-05 10:54:17,33.9926,-83.7202,46.4,46,1,5.75
50,Murgab,TM,2021-03-05 10:54:18,37.4966,61.9714,66.2,27,0,13.8
51,Saint-Philippe,RE,2021-03-05 10:54:18,-21.3585,55.7679,87.8,62,75,11.5
52,Teguldet,RU,2021-03-05 10:54:19,57.3064,88.1667,26.96,93,100,12.97
53,Saldanha,ZA,2021-03-05 10:54:27,-33.0117,17.9442,80.6,36,0,3.44
54,Miranda,CO,2021-03-05 10:54:27,3.2499,-76.2281,66.2,94,75,3.13
55,Bredasdorp,ZA,2021-03-05 10:54:28,-34.5322,20.0403,78.8,44,40,11.5
56,Luderitz,NA,2021-03-05 10:54:29,-26.6481,15.1594,78.08,48,0,15.35
57,Octeville,FR,2021-03-05 10:54:31,49.6261,-1.6435,43.0,70,90,11.5
58,Caravelas,BR,2021-03-05 10:54:31,-17.7125,-39.2481,78.22,71,16,5.23
59,Bonthe,SL,2021-03-05 10:54:32,7.5264,-12.505,84.54,72,95,7.02
60,Ostrovnoy,RU,2021-03-05 10:54:33,68.0531,39.5131,15.67,87,100,11.01
61,Aswan,EG,2021-03-05 10:54:33,24.0934,32.907,77.32,19,0,11.27
62,Mehamn,NO,2021-03-05 10:54:36,71.0357,27.8492,23.0,86,40,12.66
63,Tessalit,ML,2021-03-05 10:54:37,20.1986,1.0114,86.85,13,48,2.13
64,Arraial Do Cabo,BR,2021-03-05 10:54:38,-22.9661,-42.0278,77.0,88,40,5.75
65,Rio Gallegos,AR,2021-03-05 10:54:42,-51.6226,-69.2181,48.2,61,0,5.75
66,Kurchum,KZ,2021-03-05 10:54:43,48.5722,83.6542,24.58,95,96,6.53
67,Narasannapeta,IN,2021-03-05 10:54:43,18.4167,84.05,86.11,44,0,17.11
68,Vredendal,ZA,2021-03-05 10:54:46,-31.6683,18.5012,83.77,33,0,2.62
69,Parana,AR,2021-03-05 10:54:46,-31.732,-60.5238,75.0,90,0,3.0
70,Nanortalik,GL,2021-03-05 10:54:48,60.1432,-45.2371,29.84,86,80,4.59
71,Nampula,MZ,2021-03-05 10:54:48,-15.1165,39.2666,77.0,94,90,4.61
72,Saint-Augustin,CA,2021-03-05 10:54:55,51.226,-58.6502,21.92,95,100,7.96
73,Fecamp,FR,2021-03-05 10:54:56,49.7579,0.3746,43.0,70,90,17.27
74,Beloha,MG,2021-03-05 10:55:17,-25.1667,45.05,88.12,54,60,7.23
75,Bodden Town,KY,2021-03-05 10:55:19,19.2833,-81.25,82.0,1,7,1.99
76,Falmouth,GB,2021-03-05 10:55:24,50.1544,-5.0711,42.01,70,75,23.02
77,Antofagasta,CL,2021-03-05 10:55:50,-23.65,-70.4,64.4,77,0,3.44
78,Bubaque,GW,2021-03-05 10:55:50,11.2833,-15.8333,76.3,50,54,5.82
79,Santa Cruz,BO,2021-03-05 10:55:51,-17.8,-63.1667,71.6,94,90,11.5
80,Tasiilaq,GL,2021-03-05 10:55:52,65.6145,-37.6368,32.0,100,90,2.3
81,Lima,PE,2021-03-05 10:55:56,-12.0432,-77.0282,71.6,88,75,9.22
82,Saint-Pierre,RE,2021-03-05 10:54:32,-21.3393,55.4781,87.8,62,75,11.5
83,Port Elizabeth,ZA,2021-03-05 10:56:22,-33.918,25.5701,75.2,57,0,11.5
84,Seydi,TM,2021-03-05 10:56:23,39.4816,62.9137,57.24,21,72,16.28
85,Georgetown,MY,2021-03-05 10:52:50,5.4112,100.3354,89.01,70,20,5.75
86,Naryan-Mar,RU,2021-03-05 10:56:29,67.6713,53.087,-2.52,93,100,10.87
87,Sergach,RU,2021-03-05 10:56:31,55.5308,45.4661,22.21,91,32,8.66
88,Tovuz,AZ,2021-03-05 10:56:33,40.9922,45.6289,48.2,53,40,2.3
89,Victoria,HK,2021-03-05 10:53:09,22.2855,114.1577,70.0,90,100,1.01
90,Kourou,GF,2021-03-05 10:56:34,5.1552,-52.6478,80.01,94,20,9.78
91,Saint George,US,2021-03-05 10:56:35,37.1041,-113.5841,42.8,52,1,3.44
92,San Carlos De Bariloche,AR,2021-03-05 10:56:38,-41.1456,-71.3082,63.0,82,20,6.91
93,Pombia,IT,2021-03-05 10:56:42,45.653,8.6336,57.0,50,0,3.44
94,Mocuba,MZ,2021-03-05 10:56:42,-16.8392,36.9856,81.82,86,98,6.58
95,Muyezerskiy,RU,2021-03-05 10:56:43,63.9333,31.65,18.63,87,96,7.4
96,Bayir,TR,2021-03-05 10:56:44,37.2687,28.2167,66.2,30,0,9.22
97,Comodoro Rivadavia,AR,2021-03-05 10:56:44,-45.8667,-67.5,59.0,82,20,11.5
98,Magaria,NE,2021-03-05 10:56:45,12.9983,8.9099,93.2,6,38,14.88
99,Malaya Serdoba,RU,2021-03-05 10:56:45,52.4661,44.9512,29.95,85,88,10.71
100,Kamyaran,IR,2021-03-05 10:56:49,34.7956,46.9355,50.0,46,75,16.11
101,Roald,NO,2021-03-05 10:56:49,62.5833,6.1333,37.4,75,75,16.11
102,Krasnoselkup,RU,2021-03-05 10:56:56,65.7,82.4667,17.17,93,100,11.16
103,Japura,ID,2021-03-05 10:57:02,-0.3167,102.35,78.12,92,99,2.84
104,Longyearbyen,SJ,2021-03-05 10:57:02,78.2186,15.6401,12.2,73,75,26.46
105,Missungwi,TZ,2021-03-05 10:57:04,-2.85,33.0833,83.1,51,100,3.62
106,Itarema,BR,2021-03-05 10:57:05,-2.9248,-39.9167,81.34,73,87,13.76
107,Phulabani,IN,2021-03-05 10:57:05,20.4667,84.2333,93.04,9,1,8.55
108,Roberval,CA,2021-03-05 10:57:06,48.5168,-72.2324,-0.4,60,75,11.5
109,Wamba,NG,2021-03-05 10:57:07,8.9333,8.6,97.95,15,11,6.8
110,Ilo,PE,2021-03-05 10:57:08,-17.6394,-71.3375,70.99,87,95,5.48
111,Henties Bay,NA,2021-03-05 10:57:10,-22.116,14.2845,76.73,53,74,10.22
112,Ponte De Sor,PT,2021-03-05 10:57:12,39.2496,-8.0101,59.0,88,100,10.45
113,Porto Belo,BR,2021-03-05 10:57:12,-27.1578,-48.5531,78.01,94,0,4.61
114,Antalaha,MG,2021-03-05 10:57:21,-14.9003,50.2788,85.42,71,25,9.51
115,Tres Passos,BR,2021-03-05 10:57:21,-27.4556,-53.9319,68.0,94,41,1.99
116,Barentu,ER,2021-03-05 10:57:21,15.1139,37.5928,92.82,22,0,12.75
117,Lagos,NG,2021-03-05 10:57:23,6.5833,3.75,87.8,74,75,2.3
118,Pryozerne,UA,2021-03-05 10:57:25,45.2698,36.3303,49.95,65,25,21.99
119,Daoukro,CI,2021-03-05 10:57:26,7.0591,-3.9631,90.36,52,86,5.88
120,Cidreira,BR,2021-03-05 10:57:26,-30.1811,-50.2056,73.0,87,96,12.71
121,Cacu,BR,2021-03-05 10:57:31,-18.5567,-51.1308,72.16,90,98,4.5
122,Maragogi,BR,2021-03-05 10:57:31,-9.0122,-35.2225,80.02,81,65,11.48
123,Constitucion,CL,2021-03-05 10:57:32,-35.3333,-72.4167,59.68,80,0,1.25
124,Muros,ES,2021-03-05 10:57:38,42.7762,-9.0603,60.01,66,23,10.0
125,Saint-Georges,GD,2021-03-05 10:57:39,12.0564,-61.7485,77.0,88,75,17.27
126,Tamandare,BR,2021-03-05 10:57:40,-8.7597,-35.1047,79.43,83,77,10.65
127,Derzhavinsk,KZ,2021-03-05 10:57:41,51.1,66.3167,26.28,83,92,27.69
128,Sept-Iles,CA,2021-03-05 10:57:41,50.2001,-66.3821,15.01,67,40,11.5
129,Sabang,ID,2021-03-05 10:57:42,5.8933,95.3214,83.62,71,47,2.53
130,Souillac,MU,2021-03-05 10:57:44,-20.5167,57.5167,82.4,74,75,11.5
131,Kommunar,RU,2021-03-05 10:57:44,59.6206,30.39,24.8,68,40,11.18
132,Cabo Rojo,PR,2021-03-05 10:57:46,18.0866,-67.1457,75.99,77,0,3.0
133,Grindavik,IS,2021-03-05 10:57:47,63.8424,-22.4338,41.0,93,75,11.5
134,Preili,LV,2021-03-05 10:57:47,56.2944,26.7246,30.29,30,47,12.37
135,Bambous Virieux,MU,2021-03-05 10:57:48,-20.3428,57.7575,86.0,74,75,11.5
136,Marostica,IT,2021-03-05 10:57:50,45.7468,11.6579,55.99,65,0,4.05
137,Matara,LK,2021-03-05 10:57:51,5.9485,80.5353,82.99,63,40,4.85
138,Serik,TR,2021-03-05 10:57:52,36.9169,31.0989,64.4,32,0,6.91
139,Sinnamary,GF,2021-03-05 10:57:53,5.3833,-52.95,78.37,85,23,12.46
140,Geraldton,AU,2021-03-05 10:55:43,-28.7667,114.6,75.2,73,10,18.41
141,Tiznit,MA,2021-03-05 10:57:56,29.5833,-9.5,59.13,61,55,7.45
142,Jalu,LY,2021-03-05 10:57:57,29.0331,21.5482,72.75,17,39,15.3
143,Tifton,US,2021-03-05 10:57:58,31.4505,-83.5085,50.0,81,1,7.43
144,Idlib,SY,2021-03-05 10:58:01,35.9306,36.6339,59.41,61,0,22.21
145,Barra Do Garcas,BR,2021-03-05 10:58:40,-15.89,-52.2567,72.16,94,98,1.3
146,Laakirchen,AT,2021-03-05 10:58:41,47.9819,13.8217,37.0,93,100,5.01
147,Klaksvik,FO,2021-03-05 10:58:42,62.2266,-6.589,39.2,81,75,13.8
148,Praia,CV,2021-03-05 10:58:47,14.9215,-23.5087,71.6,68,20,25.32
149,Paamiut,GL,2021-03-05 10:58:47,61.994,-49.6678,32.09,95,100,5.32
150,Dingle,PH,2021-03-05 10:58:49,10.9995,122.6711,77.47,78,4,8.03
151,Podor,MR,2021-03-05 10:58:49,16.6527,-14.9587,82.4,23,0,2.3
152,Tiruchchirappalli,IN,2021-03-05 10:58:50,10.8167,78.6833,95.0,36,20,9.22
153,Faya,SA,2021-03-05 10:58:51,18.3851,42.4509,75.2,31,20,6.91
154,Marinhas,PT,2021-03-05 10:58:52,41.5591,-8.783,62.6,63,0,4.61
155,Hobyo,SO,2021-03-05 10:58:52,5.3505,48.5268,83.34,58,0,19.28
156,Berlevag,NO,2021-03-05 10:58:53,70.8578,29.0864,23.0,86,75,9.22
157,Salalah,OM,2021-03-05 10:58:55,17.0151,54.0924,89.6,35,0,12.66
158,Talara,PE,2021-03-05 10:59:01,-4.5772,-81.2719,75.81,77,98,8.41
159,Vila Franca Do Campo,PT,2021-03-05 10:59:02,37.7167,-25.4333,57.2,77,20,9.22
160,Mayumba,GA,2021-03-05 10:59:03,-3.432,10.6554,84.85,75,57,9.57
161,Safaga,EG,2021-03-05 10:59:03,26.7292,33.9365,68.0,37,0,11.5
162,Benguela,AO,2021-03-05 10:59:04,-12.5763,13.4055,85.86,63,13,11.23
163,Igarka,RU,2021-03-05 10:59:06,67.4667,86.5833,1.35,87,100,9.28
164,Nouadhibou,MR,2021-03-05 10:59:07,20.931,-17.0347,64.4,68,0,23.02
165,Namibe,AO,2021-03-05 10:59:08,-15.1961,12.1522,84.2,61,0,11.5
166,Vuktyl,RU,2021-03-05 10:59:10,63.8567,57.3094,11.41,87,100,5.59
167,Chicama,PE,2021-03-05 10:59:11,-7.8447,-79.1469,74.3,81,100,1.7
168,La Tuque,CA,2021-03-05 10:59:19,47.4334,-72.7824,-0.4,71,100,10.36
169,Novyy Urengoy,RU,2021-03-05 10:59:24,66.0833,76.6333,15.53,95,100,8.79
170,Luanda,AO,2021-03-05 10:58:25,-8.8368,13.2343,86.0,66,75,3.44
171,Mitsamiouli,KM,2021-03-05 10:59:31,-11.3847,43.2844,83.43,78,92,15.93
172,Taoudenni,ML,2021-03-05 10:59:31,22.6783,-3.9836,82.63,12,0,12.64
173,Taltal,CL,2021-03-05 10:59:33,-25.4,-70.4833,67.24,81,78,1.97
174,Libano,CO,2021-03-05 10:59:33,4.9218,-75.0623,60.3,86,99,2.08
175,Castro,BR,2021-03-05 10:59:34,-24.7911,-50.0119,66.07,94,100,9.28
176,Katunino,RU,2021-03-05 10:59:35,64.3862,40.6298,10.4,56,75,4.47
177,Hwange,ZW,2021-03-05 10:59:40,-18.3693,26.5019,87.67,41,0,2.53
178,Agirish,RU,2021-03-05 10:59:41,61.9247,63.0231,19.96,83,73,1.86
179,Sisimiut,GL,2021-03-05 10:59:41,66.9395,-53.6735,20.95,76,50,11.23
180,Dharchula,IN,2021-03-05 10:59:43,29.85,80.5333,72.63,17,55,6.73
181,Morondava,MG,2021-03-05 10:59:59,-20.2833,44.2833,78.93,82,100,16.84
182,Kambove,CD,2021-03-05 11:00:01,-10.8764,26.5969,73.65,84,88,7.83
183,Pisco,PE,2021-03-05 11:00:02,-13.7,-76.2167,73.4,83,20,4.61
184,Bobrov,RU,2021-03-05 11:00:02,51.0961,40.0333,31.87,79,96,6.67
185,Krapivinskiy,RU,2021-03-05 11:00:04,54.9992,86.8133,28.4,74,75,20.13
186,Sapele,NG,2021-03-05 11:00:04,5.8941,5.6767,95.85,47,70,2.3
187,Porto Santo,PT,2021-03-05 11:00:06,33.072,-16.3415,62.6,77,40,24.16
188,Puksoozero,RU,2021-03-05 11:00:07,62.5903,40.6066,10.96,86,100,6.24
189,Sao Joao Da Barra,BR,2021-03-05 11:00:09,-21.6403,-41.0511,77.0,83,20,4.61
190,Parabel,RU,2021-03-05 11:00:12,58.6978,81.4825,29.53,93,100,10.65
191,Santa Rosa,PH,2021-03-05 11:00:14,14.3122,121.1114,86.0,62,20,10.36
192,Altoona,US,2021-03-05 11:00:16,40.5187,-78.3947,17.01,71,0,5.01
193,Chuy,UY,2021-03-05 11:00:21,-33.6971,-53.4616,70.5,88,4,10.54
194,Prigoria,RO,2021-03-05 11:00:23,45.0667,23.6833,57.81,34,94,10.63
195,Ariquemes,BR,2021-03-05 11:00:26,-9.9133,-63.0408,71.96,97,100,0.98
196,Zapolyarnyy,RU,2021-03-05 11:00:28,69.4154,30.8136,19.4,79,20,8.99
197,Upernavik,GL,2021-03-05 11:00:30,72.7868,-56.1549,-15.29,84,72,16.69
198,Misasi,TZ,2021-03-05 11:00:31,-3.0,33.0833,81.91,55,100,4.41
199,Afua,BR,2021-03-05 11:00:33,-0.1567,-50.3867,76.78,91,100,3.11
200,Lagdo,CM,2021-03-05 11:00:36,9.05,13.7333,95.0,8,0,8.05
201,Iqaluit,CA,2021-03-05 11:00:01,63.7506,-68.5145,6.8,78,75,24.16
202,Onega,RU,2021-03-05 11:00:38,63.9061,38.1404,11.17,88,85,7.65
203,Mungaa,TZ,2021-03-05 11:00:39,-4.9667,34.8833,73.42,78,100,1.19
204,Kita,ML,2021-03-05 11:00:40,13.0349,-9.4895,95.83,9,0,9.84
205,Kargil,IN,2021-03-05 11:00:42,34.5667,76.1,24.26,69,9,0.58
206,Gomel,BY,2021-03-05 11:00:43,52.4345,30.9754,33.8,55,75,8.95
207,Cancun,MX,2021-03-05 10:57:46,21.1743,-86.8466,77.0,100,40,5.23
208,Pucallpa,PE,2021-03-05 11:00:44,-8.3791,-74.5539,69.84,98,100,0.87
209,Miandrivazo,MG,2021-03-05 11:00:46,-19.5167,45.4667,75.92,90,100,4.05
210,Lubao,PH,2021-03-05 11:00:47,14.9167,120.55,86.0,61,40,6.91
211,Zyukayka,RU,2021-03-05 11:00:48,58.2025,54.7003,19.11,76,65,10.54
212,Awjilah,LY,2021-03-05 11:00:48,29.1081,21.2869,72.88,17,30,15.3
213,Moissala,TD,2021-03-05 11:00:49,8.3404,17.7663,103.46,7,0,7.61
214,Lebu,CL,2021-03-05 11:00:49,-37.6167,-73.65,56.71,93,5,11.56
215,Araouane,ML,2021-03-05 11:00:50,18.9048,-3.5265,83.61,9,0,15.99
216,Oranjemund,NA,2021-03-05 11:00:12,-28.55,16.4333,68.88,65,0,12.53
217,Camacha,PT,2021-03-05 11:01:19,33.0833,-16.3333,62.6,77,40,24.16
218,Tshane,BW,2021-03-05 11:01:21,-24.0196,21.8684,89.11,17,0,3.74
219,Mersin,TR,2021-03-05 11:01:23,36.862,34.6509,68.0,40,0,5.75
220,Dhidhdhoo,MV,2021-03-05 11:01:23,6.8833,73.1,82.44,76,3,13.85
221,Marsa Matruh,EG,2021-03-05 11:01:26,31.3525,27.2453,64.4,55,0,5.75
222,Linden,GY,2021-03-05 11:01:29,6.0,-58.3,73.4,94,75,2.3
223,Appingedam,NL,2021-03-05 11:01:29,53.3217,6.8583,42.01,56,40,8.05
224,Praia Da Vitoria,PT,2021-03-05 11:01:32,38.7333,-27.0667,60.01,93,20,5.26
225,Puerto Narino,CO,2021-03-05 11:01:32,-3.7703,-70.3831,73.4,100,75,2.3
226,Rafai,CF,2021-03-05 11:01:33,4.95,23.9167,103.44,9,82,6.73
227,Bull Savanna,JM,2021-03-05 11:01:33,17.8868,-77.5902,70.05,83,1,4.21
228,Abu Samrah,SY,2021-03-05 11:01:33,35.3029,37.1841,61.32,51,0,21.9
229,Kerpen,DE,2021-03-05 11:01:34,50.8667,6.7,39.99,65,40,12.66
230,Ampanihy,MG,2021-03-05 11:01:35,-24.7,44.75,89.08,46,45,2.77
231,Rivera,UY,2021-03-05 11:01:36,-30.9053,-55.5508,67.23,94,88,10.02
232,Kabompo,ZM,2021-03-05 11:01:37,-13.5927,24.2008,80.62,63,33,4.0
233,Kruisfontein,ZA,2021-03-05 11:01:39,-34.0033,24.7314,79.0,54,0,8.99
234,Mantua,IT,2021-03-05 11:01:41,45.1667,10.7833,59.0,66,52,8.05
235,Muhos,FI,2021-03-05 11:01:42,64.808,25.9931,19.99,67,0,4.61
236,La Paz,BO,2021-03-05 10:57:39,-16.5,-68.15,41.0,100,75,2.3
237,Arlit,NE,2021-03-05 11:01:43,18.7369,7.3853,87.87,7,100,1.59
238,Talnakh,RU,2021-03-05 11:01:44,69.4865,88.3972,-8.3,90,85,5.28
239,Kudahuvadhoo,MV,2021-03-05 11:01:49,2.6708,72.8944,83.73,67,4,9.53
240,Buraydah,SA,2021-03-05 11:01:51,26.326,43.975,66.2,39,0,11.5
241,Bonavista,CA,2021-03-05 11:01:53,48.6499,-53.1147,33.01,80,19,6.91
242,Sabha,LY,2021-03-05 11:01:56,27.0377,14.4283,79.5,11,0,18.61
243,Okha,RU,2021-03-05 11:01:58,53.5739,142.9478,-19.32,90,93,10.2
244,Ilulissat,GL,2021-03-05 11:01:59,69.2167,-51.1,21.2,63,20,4.61
245,Carutapera,BR,2021-03-05 11:02:00,-1.195,-46.02,77.88,90,98,2.71
246,Saint Anthony,US,2021-03-05 11:02:01,45.0205,-93.218,35.6,69,90,2.55
247,Adre,TD,2021-03-05 11:02:01,13.4667,22.2,92.93,9,2,13.47
248,Qasigiannguit,GL,2021-03-05 11:02:02,68.8193,-51.1922,21.2,63,20,4.61
249,Jumla,NP,2021-03-05 11:02:03,29.2747,82.1838,54.34,28,38,8.84
250,Birjand,IR,2021-03-05 10:59:32,32.8663,59.2211,57.2,67,75,6.91
251,Bandarbeyla,SO,2021-03-05 11:02:07,9.4942,50.8122,81.34,54,1,14.16
252,Aksarka,RU,2021-03-05 11:02:09,66.5606,67.7975,4.59,95,97,3.67
253,Rio Claro,BR,2021-03-05 11:02:12,-22.4114,-47.5614,73.0,100,0,3.44
254,Amersham,GB,2021-03-05 11:02:16,51.6667,-0.6167,41.0,56,75,12.66
255,Ascension,US,2021-03-05 11:02:16,30.2169,-90.9001,46.0,100,1,2.39
256,Peniche,PT,2021-03-05 11:02:17,39.3558,-9.3811,57.99,79,97,14.0
257,Kangaatsiaq,GL,2021-03-05 11:02:20,68.3065,-53.4641,15.48,90,52,14.12
258,Saint-Joseph,RE,2021-03-05 11:02:21,-21.3667,55.6167,87.8,62,75,11.5
259,Kilindoni,TZ,2021-03-05 11:02:21,-7.9139,39.6668,83.82,75,97,15.88
260,Progreso,MX,2021-03-05 11:02:22,21.2833,-89.6667,68.0,94,1,6.24
261,Huarmey,PE,2021-03-05 11:02:22,-10.0681,-78.1522,71.56,83,82,3.78
262,Carnarvon,AU,2021-03-05 11:00:04,-24.8667,113.6333,80.6,74,0,16.11
263,San Alberto,CO,2021-03-05 11:02:24,7.7611,-73.3922,74.7,88,70,1.9
264,Gat,IL,2021-03-05 11:02:25,31.61,34.7642,64.0,55,38,3.0
265,Oboyan,RU,2021-03-05 11:02:31,51.2098,36.2792,36.0,60,75,11.18
266,Pembroke,CA,2021-03-05 11:02:32,45.8168,-77.1162,5.0,56,1,12.66
267,Zelenogradsk,RU,2021-03-05 11:02:34,54.9589,20.4767,30.2,93,40,2.24
268,Acari,PE,2021-03-05 11:02:36,-15.4311,-74.6158,72.79,87,99,1.81
269,Chibombo,ZM,2021-03-05 11:02:36,-14.6569,28.0706,78.1,68,45,4.88
270,Nadym,RU,2021-03-05 11:02:36,65.5333,72.5167,17.85,93,98,4.12
271,Vardo,NO,2021-03-05 11:02:37,70.3705,31.1107,21.2,79,40,9.22
272,Trujillo,PE,2021-03-05 11:02:44,-8.116,-79.03,73.85,84,100,2.71
273,Trojan,PL,2021-03-05 11:02:45,53.7897,20.2404,36.0,80,40,6.91
274,Ozinki,RU,2021-03-05 11:02:46,51.1786,49.6769,34.23,100,100,14.34
275,Lalibela,ET,2021-03-05 11:02:47,12.0333,39.0333,75.9,25,76,4.29
276,Aasiaat,GL,2021-03-05 11:02:48,68.7098,-52.8699,13.06,86,49,8.93
277,Menongue,AO,2021-03-05 11:02:50,-14.6585,17.691,79.88,48,4,6.06
278,Stornoway,GB,2021-03-05 11:02:50,58.2093,-6.3865,41.0,70,75,12.66
279,Sokolo,ML,2021-03-05 11:02:51,14.7328,-6.1219,97.23,10,73,18.32
280,Marawi,PH,2021-03-05 11:02:53,7.9986,124.2928,81.0,86,62,10.0
281,Reconquista,AR,2021-03-05 11:02:53,-29.15,-59.65,70.95,87,54,8.41
282,Atasu,KZ,2021-03-05 11:02:54,48.6814,71.6433,21.27,89,90,15.43
283,Kirillov,RU,2021-03-05 11:02:55,59.863,38.3813,21.2,49,40,8.95
284,Qaqortoq,GL,2021-03-05 11:02:59,60.7167,-46.0333,32.0,93,90,3.44
285,Polovinnoye,RU,2021-03-05 11:03:01,54.7914,65.9864,30.78,86,100,20.0
286,Malatya,TR,2021-03-05 11:03:04,38.5,38.0,59.0,17,0,11.5
287,Ravar,IR,2021-03-05 11:03:12,31.2656,56.8055,80.35,18,54,27.89
288,Maceio,BR,2021-03-05 11:03:14,-9.6658,-35.7353,80.6,78,75,5.75
289,Riviere-Au-Renard,CA,2021-03-05 11:03:15,48.9957,-64.3971,14.0,67,1,6.91
290,Khabary,RU,2021-03-05 11:03:16,53.6259,79.5345,25.32,86,99,21.3
291,Nikolsk,RU,2021-03-05 11:03:16,53.7189,46.0712,28.18,86,99,11.3
292,Talavera De La Reina,ES,2021-03-05 11:03:18,39.9635,-4.8308,55.99,60,69,12.41
293,Gulu,UG,2021-03-05 11:03:18,2.7746,32.299,89.51,28,63,5.55
294,Amot,NO,2021-03-05 11:03:19,59.5714,7.9877,37.0,55,0,4.61
295,Yar-Sale,RU,2021-03-05 11:03:19,66.8333,70.8333,14.85,95,98,5.21
296,Vestmannaeyjar,IS,2021-03-05 11:03:20,63.4427,-20.2734,42.8,75,40,11.5
297,San Lorenzo De El Escorial,ES,2021-03-05 11:03:20,40.5914,-4.1474,55.0,71,100,1.99
298,Bouna,CI,2021-03-05 11:03:21,9.2667,-3.0,92.84,44,100,6.44
299,Komsomolskiy,UZ,2021-03-05 11:03:22,40.4272,71.7189,53.6,40,40,4.61
300,Rio Grande,BR,2021-03-05 11:03:23,-32.035,-52.0986,71.01,99,79,12.01
301,Verkhnyaya Inta,RU,2021-03-05 11:03:24,65.9811,60.3094,5.45,91,100,5.97
302,Goderich,CA,2021-03-05 11:03:25,43.7501,-81.7165,23.0,58,75,12.66
303,Bayamo,CU,2021-03-05 11:03:27,20.3792,-76.6433,68.0,100,90,2.3
304,White Oak,US,2021-03-05 11:03:29,39.2131,-84.5994,28.0,86,1,4.21
305,The Valley,AI,2021-03-05 11:03:31,18.217,-63.0578,77.0,78,20,10.36
306,Puerto Colombia,CO,2021-03-05 11:03:32,10.9878,-74.9547,75.2,88,20,10.36
307,Puerto Carreno,CO,2021-03-05 11:03:32,6.189,-67.4859,76.28,74,87,6.87
308,Odweyne,SO,2021-03-05 11:03:33,9.4092,45.064,89.28,16,71,9.35
309,Necochea,AR,2021-03-05 11:03:35,-38.5473,-58.7368,61.0,73,99,4.0
310,Abu Dhabi,AE,2021-03-05 10:59:41,24.4667,54.3667,102.2,11,0,5.75
311,Bajil,YE,2021-03-05 11:03:38,15.0584,43.2851,82.09,68,89,11.45
312,Buchanan,LR,2021-03-05 11:03:38,5.8808,-10.0467,86.0,79,75,10.36
313,Clarence Town,AU,2021-03-05 11:03:39,-32.5833,151.7833,71.01,64,90,11.5
314,Souris,CA,2021-03-05 11:03:39,49.6172,-100.2612,28.4,86,40,12.66
315,Trairi,BR,2021-03-05 11:04:06,-3.2778,-39.2689,81.12,72,74,9.24
316,Itirucu,BR,2021-03-05 11:04:06,-13.5317,-40.1503,69.4,77,17,2.26
317,Galle,LK,2021-03-05 11:04:07,6.0367,80.217,82.67,68,29,6.64
318,Iquitos,PE,2021-03-05 11:04:08,-3.7481,-73.2472,75.2,94,75,2.3
319,Spas-Klepiki,RU,2021-03-05 11:04:09,55.1347,40.1767,32.0,52,91,8.93
320,Adeje,ES,2021-03-05 11:04:09,28.1227,-16.726,68.0,64,20,8.05
321,Azuaga,ES,2021-03-05 11:04:12,38.2667,-5.6833,51.01,75,98,7.0
322,Bereda,ES,2021-03-05 11:04:12,43.2686,-7.5406,55.99,93,95,7.0
323,Pedernales,DO,2021-03-05 11:04:12,18.0384,-71.744,73.53,80,62,5.99
324,Chillan,CL,2021-03-05 11:04:13,-36.6066,-72.1034,59.0,100,0,3.44
325,Trzebiatow,PL,2021-03-05 11:04:14,54.0615,15.2648,37.0,68,10,14.38
326,Sidrolandia,BR,2021-03-05 11:04:15,-20.9319,-54.9614,71.6,94,75,8.05
327,Llaillay,CL,2021-03-05 11:04:16,-32.85,-70.9667,66.0,100,90,8.05
328,Jati,PK,2021-03-05 11:04:16,24.3539,68.2671,97.07,19,0,17.87
329,Grand-Lahou,CI,2021-03-05 11:04:18,5.1367,-5.0242,83.5,76,71,10.94
330,Mogadishu,SO,2021-03-05 11:04:18,2.0371,45.3438,86.0,58,0,20.71
331,Snasa,NO,2021-03-05 11:04:19,64.2457,12.3778,32.0,93,75,5.75
332,Polunochnoye,RU,2021-03-05 11:04:20,60.8697,60.4153,20.98,83,99,2.44
333,Ondjiva,AO,2021-03-05 11:04:22,-17.0667,15.7333,87.8,30,20,5.75
334,Arica,CL,2021-03-05 11:04:23,-18.475,-70.3042,69.8,73,0,3.44
335,Lidkoping,SE,2021-03-05 11:04:25,58.5052,13.1577,37.99,60,0,5.75
336,Saint-Paul,RE,2021-03-05 11:04:07,-21.0096,55.2707,87.8,62,75,8.05
337,Mahon,ES,2021-03-05 11:04:27,39.8885,4.2658,59.0,63,20,10.36
338,Rawson,AR,2021-03-05 11:04:28,-43.3002,-65.1023,59.04,79,1,18.34
339,Hambantota,LK,2021-03-05 11:04:29,6.1241,81.1185,87.8,62,75,8.05
340,Petauke,ZM,2021-03-05 11:04:31,-14.2426,31.3253,78.21,85,33,1.52
341,Svoge,BG,2021-03-05 11:04:33,42.9667,23.35,57.2,28,0,3.44
342,Kalmunai,LK,2021-03-05 11:04:34,7.4167,81.8167,76.95,85,99,12.37
343,Nuuk,GL,2021-03-05 11:04:37,64.1835,-51.7216,35.6,64,40,2.3
344,Buenos Aires,AR,2021-03-05 11:04:37,-34.6132,-58.3772,69.01,83,75,6.91
345,Kaabong,UG,2021-03-05 11:04:39,3.4836,34.1492,78.64,41,85,16.37
346,Calabozo,VE,2021-03-05 11:04:42,8.9242,-67.4293,73.35,80,19,6.22
347,Hofn,IS,2021-03-05 11:04:42,64.2539,-15.2082,35.6,87,43,4.61
348,Suhut,TR,2021-03-05 11:04:43,38.5311,30.5458,57.2,30,0,6.91
349,Skibbereen,IE,2021-03-05 11:05:07,51.55,-9.2667,44.6,65,75,14.97
350,Sao Paulo De Olivenca,BR,2021-03-05 11:05:09,-3.3783,-68.8725,71.8,98,100,1.95
351,Plaster Rock,CA,2021-03-05 11:05:10,46.9065,-67.39,6.8,56,90,6.91
352,Dzilam Gonzalez,MX,2021-03-05 11:05:10,21.2833,-88.9333,67.33,90,28,3.13
353,Racalmuto,IT,2021-03-05 11:05:11,37.4071,13.7338,51.01,91,93,1.99
354,Umm Kaddadah,SD,2021-03-05 11:05:11,13.6017,26.6876,86.54,7,56,18.72
355,Khorixas,NA,2021-03-05 11:00:13,-20.3667,14.9667,92.21,19,1,7.7
356,Acarau,BR,2021-03-05 11:05:18,-2.8856,-40.12,81.12,74,95,14.09
357,Bakchar,RU,2021-03-05 11:05:21,57.0186,82.0711,25.99,83,100,16.78
358,Amboasary,MG,2021-03-05 11:05:22,-25.0333,46.3833,86.0,70,20,11.5
359,Korla,CN,2021-03-05 11:05:25,41.7597,86.1469,50.94,36,90,10.85
360,Grenville,GD,2021-03-05 11:05:27,12.1167,-61.6167,77.0,88,75,17.27
361,Ribas Do Rio Pardo,BR,2021-03-05 11:05:28,-20.4431,-53.7592,70.59,95,100,3.83
362,Bauchi,NG,2021-03-05 11:01:43,10.5,10.0,95.2,9,0,9.4
363,Alta Floresta,BR,2021-03-05 11:05:29,-9.8756,-56.0861,70.9,98,99,4.85
364,Kavaratti,IN,2021-03-05 11:05:32,10.5669,72.642,83.26,55,0,2.35
365,Fort-Shevchenko,KZ,2021-03-05 11:05:36,44.5086,50.263,40.57,71,90,11.34
366,Mattru,SL,2021-03-05 11:05:37,7.6244,-11.8332,83.55,74,98,3.24
367,Shar,KZ,2021-03-05 11:05:39,49.5886,81.0453,27.63,83,25,8.12
368,Coquimbo,CL,2021-03-05 11:05:39,-29.9533,-71.3436,62.6,88,90,2.3
369,Barcelos,PT,2021-03-05 11:05:41,41.5388,-8.6151,62.6,63,0,4.61
370,Boca Da Mata,BR,2021-03-05 11:05:43,-9.6452,-36.2117,80.6,78,75,5.75
371,Ritchie,ZA,2021-03-05 11:05:46,-29.038,24.6028,89.6,14,0,8.05
372,Clyde River,CA,2021-03-05 11:05:47,70.4692,-68.5914,-20.2,76,1,19.57
373,Kjopsvik,NO,2021-03-05 11:05:48,68.097,16.3742,30.99,93,90,9.22
374,Mgandu,TZ,2021-03-05 11:05:48,-5.95,34.1333,78.26,63,100,2.06
375,Harper,LR,2021-03-05 11:05:54,4.375,-7.7169,83.84,73,68,10.38
376,Sao Jose Da Coroa Grande,BR,2021-03-05 11:05:56,-8.8978,-35.1478,79.72,82,73,11.36
377,Ilebo,CD,2021-03-05 11:05:57,-4.3167,20.5833,96.76,38,70,2.53
378,Ocumare Del Tuy,VE,2021-03-05 11:05:59,10.1165,-66.7761,77.0,83,20,1.88
379,Grand Gaube,MU,2021-03-05 11:06:01,-20.0064,57.6608,86.0,61,85,5.99
380,Amambai,BR,2021-03-05 11:06:03,-23.1042,-55.2258,70.2,95,100,6.6
381,Biga,TR,2021-03-05 11:06:04,40.2281,27.2422,60.8,39,0,8.05
382,Black River,JM,2021-03-05 11:06:05,18.0264,-77.8487,73.4,83,20,3.44
383,Ust-Kulom,RU,2021-03-05 11:06:06,61.6864,53.6902,17.24,92,100,1.95
384,Westport,US,2021-03-05 11:06:06,41.1415,-73.3579,24.01,51,13,3.0
385,Grodkow,PL,2021-03-05 11:06:08,50.6984,17.3845,34.0,57,93,8.99
386,Pocri,PA,2021-03-05 11:06:09,8.2667,-80.55,72.28,84,0,10.83
387,Jabinyanah,TN,2021-03-05 11:06:09,35.035,10.9081,62.6,72,40,16.11
388,Kuybysheve,UA,2021-03-05 11:06:11,47.358,36.6491,44.17,77,100,9.71
389,Istisu,AZ,2021-03-05 11:06:12,40.9457,48.0738,44.6,65,90,10.36
390,Pozo Colorado,PY,2021-03-05 11:06:12,-23.4923,-58.7972,72.34,86,10,5.06
391,Anderson,US,2021-03-05 11:06:13,34.5334,-82.6499,42.8,52,1,3.44
392,Quartucciu,IT,2021-03-05 11:06:17,39.2519,9.1794,62.01,77,40,12.66
393,Marzuq,YE,2021-03-05 11:06:18,14.4,46.4667,86.04,13,0,12.55
394,Dothan,US,2021-03-05 11:06:19,31.2232,-85.3905,50.0,71,1,5.75
395,Birao,CF,2021-03-05 11:06:19,10.2849,22.7882,94.91,8,70,13.11
396,Mwinilunga,ZM,2021-03-05 11:06:20,-11.7358,24.4293,74.52,81,33,4.27
397,Mayor Pablo Lagerenza,PY,2021-03-05 11:06:21,-19.9309,-60.7718,71.29,93,99,6.78
398,Port Shepstone,ZA,2021-03-05 11:06:22,-30.7414,30.455,75.34,76,62,18.88
399,Vicuna,CL,2021-03-05 11:06:22,-30.0319,-70.7081,62.6,88,90,2.3
400,Villacarrillo,ES,2021-03-05 11:06:23,38.1156,-3.0848,52.97,46,100,0.34
401,Zlitan,LY,2021-03-05 11:06:26,32.4674,14.5687,69.93,28,92,17.4
402,Shahrud,IR,2021-03-05 11:06:28,36.4182,54.9763,54.25,43,62,13.15
403,Ati,TD,2021-03-05 11:06:29,13.2154,18.3353,96.87,8,0,10.69
404,Chegutu,ZW,2021-03-05 11:06:30,-18.1302,30.1407,82.72,51,3,2.75
405,Siavonga,ZM,2021-03-05 11:06:31,-16.5382,28.7088,80.73,69,44,3.47
406,Morant Bay,JM,2021-03-05 11:06:34,17.8815,-76.4093,77.0,69,40,10.36
407,Abaete,BR,2021-03-05 11:06:35,-19.16,-45.4458,72.37,79,82,3.29
408,Pangnirtung,CA,2021-03-05 11:07:00,66.1451,-65.7125,12.16,63,97,5.17
409,Libertador General San Martin,AR,2021-03-05 11:07:02,-23.8064,-64.7876,69.01,91,77,1.99
410,Conceicao Da Barra,BR,2021-03-05 11:07:02,-18.5933,-39.7322,77.52,70,4,5.91
411,Veraval,IN,2021-03-05 11:07:06,20.9,70.3667,86.38,45,0,13.58
412,Kaduna,NG,2021-03-05 11:07:06,10.5222,7.4383,96.42,8,71,8.7
413,Seminole,US,2021-03-05 11:07:49,28.7086,-81.2081,53.01,87,1,4.61
414,Belaya,UA,2021-03-05 11:07:49,49.029,25.7706,37.0,89,100,7.92
415,San Luis,AR,2021-03-05 11:07:50,-33.295,-66.3356,71.08,58,13,3.6
416,Semey,KZ,2021-03-05 11:07:50,50.4111,80.2275,26.6,74,0,11.18
417,Bonfim,BR,2021-03-05 11:07:51,3.0833,-59.95,76.28,79,85,8.81
418,Salinas,US,2021-03-05 11:07:52,36.6777,-121.6555,44.6,87,1,2.82
419,Semnan,IR,2021-03-05 11:07:53,35.5729,53.3971,51.35,66,64,5.44
420,Cervo,ES,2021-03-05 11:08:00,43.6702,-7.4101,55.0,86,99,3.0
421,Hermitage,US,2021-03-05 11:08:06,41.2334,-80.4487,21.99,68,75,8.05
422,Bilma,NE,2021-03-05 11:08:09,18.6853,12.9164,85.98,7,0,15.57
423,Falun,SE,2021-03-05 11:08:10,60.6036,15.626,33.01,55,40,10.36
424,Kisangani,CD,2021-03-05 11:08:18,0.5167,25.2,103.15,27,39,1.81
425,Vytegra,RU,2021-03-05 11:08:19,61.0064,36.4481,16.43,90,85,7.07
426,Sao Gabriel Da Cachoeira,BR,2021-03-05 11:08:20,-0.1303,-67.0892,71.62,99,100,2.06
427,Matay,EG,2021-03-05 11:08:21,28.419,30.7792,72.57,22,0,11.43
428,Hare Bay,CA,2021-03-05 11:08:21,48.8499,-54.0148,30.2,80,7,6.91
429,Raudeberg,NO,2021-03-05 11:08:23,61.9875,5.1352,37.99,83,98,13.58
430,Xuddur,SO,2021-03-05 11:08:23,4.1213,43.8894,95.79,20,87,19.51
431,Madison Heights,US,2021-03-05 11:08:26,42.4859,-83.1052,23.0,63,1,5.75
432,Porbandar,IN,2021-03-05 11:08:27,21.6422,69.6093,87.44,42,0,16.69
433,Pangody,RU,2021-03-05 11:08:30,65.85,74.4859,16.5,95,96,6.85
434,Meulaboh,ID,2021-03-05 11:08:30,4.1363,96.1285,82.11,79,99,2.77
435,Mezen,RU,2021-03-05 11:08:31,65.8522,44.24,0.07,93,98,6.71
436,Havre-Saint-Pierre,CA,2021-03-05 11:08:31,50.2334,-63.5986,10.4,85,1,4.61
437,Quatre Cocos,MU,2021-03-05 11:08:32,-20.2078,57.7625,86.0,74,75,11.5
438,Kassala,SD,2021-03-05 11:08:43,15.451,36.4,94.14,26,0,13.89
439,Rio De Janeiro,BR,2021-03-05 11:07:41,-22.9028,-43.2075,80.6,83,40,5.75
440,Saint-Junien,FR,2021-03-05 11:08:57,45.8833,0.9,48.0,81,90,13.8
441,Husavik,IS,2021-03-05 11:08:58,66.0449,-17.3389,37.4,70,0,16.11
442,Presidente Medici,BR,2021-03-05 11:08:59,-11.1753,-61.9014,71.37,95,100,1.95
443,Rocha,UY,2021-03-05 11:09:00,-34.4833,-54.3333,69.78,88,1,9.01
444,Trelew,AR,2021-03-05 11:09:00,-43.249,-65.3051,59.16,78,3,17.13
445,Santa Cruz De Tenerife,ES,2021-03-05 11:09:02,28.4682,-16.2546,63.0,94,75,18.41
446,Menton,FR,2021-03-05 11:09:04,43.7765,7.5044,57.2,72,75,2.3
447,Turukhansk,RU,2021-03-05 11:09:05,65.8167,87.9833,4.8,87,100,15.95
448,Karachi,PK,2021-03-05 11:08:50,24.9056,67.0822,96.8,19,0,10.36
449,Turcoaia,RO,2021-03-05 11:09:07,45.1167,28.1833,59.0,36,0,3.44
450,Timoteo,BR,2021-03-05 11:09:08,-19.5825,-42.6444,74.03,79,100,3.11
451,Mahibadhoo,MV,2021-03-05 11:09:11,3.7833,72.9667,82.87,71,0,11.83
452,Oktyabrskoye,RU,2021-03-05 11:09:14,43.0645,44.7417,53.6,30,0,4.47
453,Algiers,DZ,2021-03-05 11:09:16,36.7525,3.042,62.6,67,20,4.61
454,Tahta,EG,2021-03-05 11:07:43,26.7693,31.5021,68.0,37,0,11.5
455,Serenje,ZM,2021-03-05 11:09:18,-13.2325,30.2352,74.68,79,19,3.2
456,Dalvik,IS,2021-03-05 11:09:18,65.9702,-18.5286,37.4,70,0,16.11
457,Cabedelo,BR,2021-03-05 11:09:19,-6.9811,-34.8339,80.6,94,20,8.05
458,Bijar,IR,2021-03-05 11:09:19,35.8668,47.6051,43.27,44,79,18.23
459,Lapua,FI,2021-03-05 11:09:30,62.9693,23.0088,27.0,73,0,5.99
460,Tokat,TR,2021-03-05 11:09:34,40.4167,36.5833,55.4,30,0,5.75
461,Lepe,ES,2021-03-05 11:09:35,37.2548,-7.2043,59.0,76,100,15.01
462,Gornopravdinsk,RU,2021-03-05 11:09:39,60.05,69.9,25.2,88,77,4.59
463,Cockburn Town,TC,2021-03-05 11:09:41,21.4612,-71.1419,77.77,74,26,8.79
464,Inhambane,MZ,2021-03-05 11:09:44,-23.865,35.3833,83.68,68,19,9.62
465,Blagoyevo,RU,2021-03-05 11:09:45,63.3667,47.9167,8.26,88,98,6.17
466,Biltine,TD,2021-03-05 11:09:45,14.5333,20.9167,95.67,8,0,8.08
467,Canakkale,TR,2021-03-05 11:09:46,40.0833,26.8333,62.6,45,0,9.22
468,Tukan,RU,2021-03-05 11:09:48,53.8409,57.4552,26.92,94,100,13.58
469,Kattivakkam,IN,2021-03-05 11:09:49,13.2167,80.3167,87.8,40,20,9.22
470,Mecca,SA,2021-03-05 11:05:08,21.4267,39.8261,86.27,27,0,6.29
471,Kidal,ML,2021-03-05 11:09:54,18.4411,1.4078,89.71,9,64,13.62
472,Estelle,US,2021-03-05 11:09:55,29.8458,-90.1067,55.4,76,1,4.61
473,Sovetskiy,RU,2021-03-05 11:09:57,61.3614,63.5842,21.83,80,58,0.6
474,Pemba,MZ,2021-03-05 11:10:00,-12.974,40.5178,82.89,75,80,5.84
475,Ayagoz,KZ,2021-03-05 11:10:01,47.9714,80.4392,25.11,90,53,11.81
476,Lucapa,AO,2021-03-05 11:09:36,-8.4192,20.7447,77.92,80,72,3.65
477,Kismayo,SO,2021-03-05 11:10:02,-0.3582,42.5454,84.94,64,80,19.91
478,Conceicao Do Araguaia,BR,2021-03-05 11:10:05,-8.2578,-49.2647,74.1,94,100,2.33
479,Talcahuano,CL,2021-03-05 11:10:07,-36.7167,-73.1167,55.4,100,20,4.61
480,Shimoga,IN,2021-03-05 11:10:07,13.9167,75.5667,94.17,8,0,8.66
481,Carbonear,CA,2021-03-05 11:10:08,47.7332,-53.2148,34.0,93,40,12.66
482,Marion,US,2021-03-05 11:10:09,39.7684,-86.1555,26.01,80,20,5.75
483,San Carlos,VE,2021-03-05 11:10:09,9.6612,-68.5827,70.74,84,78,1.25
484,Tete,MZ,2021-03-05 11:10:10,-16.1564,33.5867,86.0,66,75,5.75
485,Montepuez,MZ,2021-03-05 11:10:10,-13.1256,38.9997,81.5,72,97,8.75
486,Paita,PE,2021-03-05 11:10:13,-5.0892,-81.1144,74.62,78,89,8.08
487,Porto Novo,BJ,2021-03-05 11:10:16,6.4965,2.6036,89.6,74,40,14.97
488,Ungheni,MD,2021-03-05 11:10:27,47.2042,27.7958,55.0,47,0,6.91
489,Port Hawkesbury,CA,2021-03-05 11:10:32,45.6169,-61.3485,19.0,79,90,11.5
490,Muzhi,RU,2021-03-05 11:10:34,65.3667,64.6667,9.63,92,100,3.42
491,Allapalli,IN,2021-03-05 11:10:34,19.4167,80.0667,100.69,8,4,3.02
492,Turbat,PK,2021-03-05 11:10:36,26.0023,63.044,101.89,9,0,12.55
493,Namwala,ZM,2021-03-05 11:10:36,-15.7504,26.4384,82.0,56,0,3.67
494,Magadi,IN,2021-03-05 11:10:37,12.9667,77.2333,87.8,16,20,3.44
495,Walvis Bay,NA,2021-03-05 11:10:37,-22.9575,14.5053,77.0,57,62,6.91
496,Cayenne,GF,2021-03-05 11:10:39,4.9333,-52.3333,81.0,100,75,11.97
497,Sao Mateus Do Sul,BR,2021-03-05 11:10:40,-25.8742,-50.3828,67.05,95,100,5.57
498,Eskisehir,TR,2021-03-05 11:10:42,39.7767,30.5206,57.2,28,0,6.91
499,Canhotinho,BR,2021-03-05 11:10:43,-8.8822,-36.1911,74.62,78,70,8.93
500,Biscarrosse,FR,2021-03-05 11:10:44,44.3945,-1.1672,53.6,66,20,12.66
501,Sayyan,YE,2021-03-05 11:10:44,15.1718,44.3244,71.82,17,27,8.86
502,Alekseyevka,RU,2021-03-05 11:10:45,50.6309,38.6903,34.84,77,92,8.37
503,Male,MV,2021-03-05 11:10:45,4.1748,73.5089,87.8,70,20,13.8
504,Gazojak,TM,2021-03-05 11:11:41,41.1875,61.4036,53.46,29,35,13.96
505,Bani,DO,2021-03-05 11:11:42,18.2833,-70.3333,69.82,85,32,1.81
506,Dutse,NG,2021-03-05 11:11:43,11.7594,9.3392,93.15,8,32,12.46
507,Grand Bank,CA,2021-03-05 11:11:43,47.0999,-55.765,33.8,69,75,26.46
508,Beisfjord,NO,2021-03-05 11:11:44,68.3751,17.5988,28.4,93,90,9.22
509,Kaka,TM,2021-03-05 11:11:44,37.3482,59.6143,64.69,36,33,19.06
510,Aviles,ES,2021-03-05 11:11:45,43.5547,-5.9248,55.99,87,75,6.91
511,Ponta Delgada,PT,2021-03-05 11:11:45,37.7333,-25.6667,57.2,77,20,9.22
512,Isla Mujeres,MX,2021-03-05 11:11:46,21.2311,-86.731,77.0,94,40,7.34
513,Road Town,VG,2021-03-05 11:11:31,18.4167,-64.6167,77.0,78,20,4.61
514,Lasa,IT,2021-03-05 11:10:42,46.6166,10.7002,53.01,75,40,6.91
515,Iacu,BR,2021-03-05 11:10:23,-12.7672,-40.2117,78.3,64,16,1.25
516,Bathsheba,BB,2021-03-05 11:11:47,13.2167,-59.5167,78.8,65,40,17.27
517,Shawville,CA,2021-03-05 11:11:48,45.6001,-76.4827,8.01,54,100,3.0
518,Pontalina,BR,2021-03-05 11:11:48,-17.525,-49.4472,70.81,90,66,3.04
519,Balkanabat,TM,2021-03-05 11:11:48,39.5108,54.3671,56.57,39,92,5.3
520,Pokotylivka,UA,2021-03-05 11:11:50,49.9153,36.1772,37.4,65,75,6.71
521,Camopi,GF,2021-03-05 11:11:50,3.1655,-52.3158,73.58,97,77,2.17
522,Samana,DO,2021-03-05 11:11:51,19.2056,-69.3369,71.6,88,40,5.99
523,Peterhead,GB,2021-03-05 11:11:51,57.5058,-1.7981,37.99,60,90,1.14
524,Oni,GE,2021-03-05 11:11:51,42.5794,43.4425,42.62,68,0,4.07
525,Valence,ES,2021-03-05 11:10:05,39.4697,-0.3774,59.0,72,0,2.3
526,Berbera,SO,2021-03-05 11:09:16,10.4396,45.0143,81.73,66,80,11.23
527,Rovaniemi,FI,2021-03-05 11:09:39,66.5,25.7167,19.4,68,0,8.05
528,Aleksandriyskaya,RU,2021-03-05 11:11:53,44.2272,43.3453,51.8,32,0,4.47
529,Guanica,PR,2021-03-05 11:11:53,17.9716,-66.908,70.0,75,0,1.99
530,San Francisco,US,2021-03-05 11:09:48,37.7749,-122.4194,48.99,76,1,3.44
531,Lerwick,GB,2021-03-05 11:11:55,60.1545,-1.1494,42.8,65,40,16.11
532,Shache,CN,2021-03-05 11:11:10,38.4167,77.2406,60.64,17,0,7.0
533,Harare,ZW,2021-03-05 11:07:04,-17.8294,31.0539,78.01,56,15,4.0
534,Luebo,CD,2021-03-05 11:11:59,-5.35,21.4167,94.55,40,49,2.64
535,Tumbes,PE,2021-03-05 11:11:59,-3.5667,-80.4414,75.24,81,100,3.71
536,Shubarshi,KZ,2021-03-05 11:12:00,48.5872,57.1869,32.14,85,19,22.1
537,Rindal,NO,2021-03-05 11:12:00,63.0565,9.2124,32.23,82,95,8.05
538,Bardiyah,LY,2021-03-05 11:12:01,31.7561,25.0865,63.34,48,48,4.16
539,Kundla,IN,2021-03-05 11:11:29,21.3333,71.3,99.61,9,0,5.64
540,Trincomalee,LK,2021-03-05 11:12:02,8.5711,81.2335,81.46,68,80,11.88
541,Bay Roberts,CA,2021-03-05 11:12:02,47.5999,-53.2648,34.0,84,28,1.99
542,Kunovice,CZ,2021-03-05 11:12:02,49.045,17.4701,37.99,87,75,16.11
543,Kousseri,CM,2021-03-05 11:12:03,12.0769,15.0306,91.4,9,0,13.8
544,Mushie,CD,2021-03-05 11:11:18,-3.0167,16.9,98.1,37,3,2.71
545,Springbok,ZA,2021-03-05 11:12:04,-29.6643,17.8865,83.03,14,0,11.01
546,Iquique,CL,2021-03-05 11:12:04,-20.2208,-70.1431,69.8,68,0,2.26
547,Mongoumba,CF,2021-03-05 11:12:04,3.6415,18.5936,109.76,11,35,2.48
548,Synya,RU,2021-03-05 11:12:05,65.3718,58.0387,4.64,93,100,4.0
549,Liepaja,LV,2021-03-05 11:12:06,56.5419,21.0367,33.8,86,75,18.41
550,Kogon,UZ,2021-03-05 11:12:06,39.7228,64.5517,59.0,18,0,9.22
551,Pitimbu,BR,2021-03-05 11:12:06,-7.4706,-34.8086,80.6,94,20,8.05
552,Sur,OM,2021-03-05 11:11:54,22.5667,59.5289,88.14,38,0,4.85
553,Bayji,IQ,2021-03-05 11:11:24,34.9311,43.487,65.73,29,15,20.87
